parameter,value
distance_mean,34.22302435788978
distance_std,19.846584433917872
angle_mean,0.5205182173258811
angle_std,40.78813735247556
