parameter,value
distance_mean,34.22302435788978
distance_std,19.846584433917872
angle_abs_mean,34.79237764820663
angle_abs_std,21.29374201825759
distance_sq_mean,0.999991657629069
