Metric,Value
Accuracy,0.9296904980395428
Precision,0.0
Recall,0.0
F1 Score,0.0
AUC,0.7063805159923354
Brier Score,0.06321342390785135
Log Loss,0.23771577534391122
